Data Source,World Development Indicators,,,,,,,,,,,,,,,,,,,,,,,,,,,,,,,,,,,,,,,,,,,,,,,,,,,,,,,,,,,,,,,,,
,,,,,,,,,,,,,,,,,,,,,,,,,,,,,,,,,,,,,,,,,,,,,,,,,,,,,,,,,,,,,,,,,,
Last Updated Date,7/25/2023,,,,,,,,,,,,,,,,,,,,,,,,,,,,,,,,,,,,,,,,,,,,,,,,,,,,,,,,,,,,,,,,,
,,,,,,,,,,,,,,,,,,,,,,,,,,,,,,,,,,,,,,,,,,,,,,,,,,,,,,,,,,,,,,,,,,
Country Name,Country Code,Indicator Name,Indicator Code,1960,1961,1962,1963,1964,1965,1966,1967,1968,1969,1970,1971,1972,1973,1974,1975,1976,1977,1978,1979,1980,1981,1982,1983,1984,1985,1986,1987,1988,1989,1990,1991,1992,1993,1994,1995,1996,1997,1998,1999,2000,2001,2002,2003,2004,2005,2006,2007,2008,2009,2010,2011,2012,2013,2014,2015,2016,2017,2018,2019,2020,2021,2022
Aruba,ABW,"Access to clean fuels and technologies for cooking, urban (% of urban population)",EG.CFT.ACCS.UR.ZS,,,,,,,,,,,,,,,,,,,,,,,,,,,,,,,,,,,,,,,,,,,,,,,,,,,,,,,,,,,,,,,
Afghanistan,AFG,"Access to clean fuels and technologies for cooking, urban (% of urban population)",EG.CFT.ACCS.UR.ZS,,,,,,,,,,,,,,,,,,,,,,,,,,,,,,,,,,,,,,,,,30.5,34.4,38.6,43.2,47.4,51.7,55.7,59.6,62.85,66.3,69.05,71.6,74,75.8,77.6,78.9,80.7,81.6,82.7,83.5,84.2,85.2,
Angola,AGO,"Access to clean fuels and technologies for cooking, urban (% of urban population)",EG.CFT.ACCS.UR.ZS,,,,,,,,,,,,,,,,,,,,,,,,,,,,,,,,,,,,,,,,,80.4,80.2,79.7,79.1,78.7,78.6,78.3,78,77.9,77.8,77.7,77.8,77.4,77.6,77.5,77.6,77.3,77.1,77,77.2,76.7,76.6,
Albania,ALB,"Access to clean fuels and technologies for cooking, urban (% of urban population)",EG.CFT.ACCS.UR.ZS,,,,,,,,,,,,,,,,,,,,,,,,,,,,,,,,,,,,,,,,,66.8,69,71.2,73.6,75.6,77.7,79.7,81.6,83.1,84.6,86,87.2,88.3,89.2,90,90.8,91.4,91.9,92.5,92.9,93.5,93.9,
Andorra,AND,"Access to clean fuels and technologies for cooking, urban (% of urban population)",EG.CFT.ACCS.UR.ZS,,,,,,,,,,,,,,,,,,,,,,,,,,,,,,,,,,,,,,,,,100,100,100,100,100,100,100,100,100,100,100,100,100,100,100,100,100,100,100,100,100,100,
United Arab Emirates,ARE,"Access to clean fuels and technologies for cooking, urban (% of urban population)",EG.CFT.ACCS.UR.ZS,,,,,,,,,,,,,,,,,,,,,,,,,,,,,,,,,,,,,,,,,100,100,100,100,100,100,100,100,100,100,100,100,100,100,100,100,100,100,100,100,100,100,
Argentina,ARG,"Access to clean fuels and technologies for cooking, urban (% of urban population)",EG.CFT.ACCS.UR.ZS,,,,,,,,,,,,,,,,,,,,,,,,,,,,,,,,,,,,,,,,,98.4,98.6,98.8,98.9,99.2,99.3,99.4,99.5,99.6,99.7,99.8,99.8,99.8,99.9,99.9,99.9,99.9,99.9,99.9,99.9,99.9,99.9,
Armenia,ARM,"Access to clean fuels and technologies for cooking, urban (% of urban population)",EG.CFT.ACCS.UR.ZS,,,,,,,,,,,,,,,,,,,,,,,,,,,,,,,,,,,,,,,,,94.1,95.1,96,96.6,97.3,97.7,98.1,98.4,98.6,98.8,99,99.1,99.2,99.4,99.4,99.5,99.6,99.6,99.6,99.7,99.7,99.7,
American Samoa,ASM,"Access to clean fuels and technologies for cooking, urban (% of urban population)",EG.CFT.ACCS.UR.ZS,,,,,,,,,,,,,,,,,,,,,,,,,,,,,,,,,,,,,,,,,,,,,,,,,,,,,,,,,,,,,,,
Antigua and Barbuda,ATG,"Access to clean fuels and technologies for cooking, urban (% of urban population)",EG.CFT.ACCS.UR.ZS,,,,,,,,,,,,,,,,,,,,,,,,,,,,,,,,,,,,,,,,,100,100,100,100,100,100,100,100,100,100,100,100,100,100,100,100,100,100,100,100,100,100,
Australia,AUS,"Access to clean fuels and technologies for cooking, urban (% of urban population)",EG.CFT.ACCS.UR.ZS,,,,,,,,,,,,,,,,,,,,,,,,,,,,,,,,,,,,,,,,,100,100,100,100,100,100,100,100,100,100,100,100,100,100,100,100,100,100,100,100,100,100,
Austria,AUT,"Access to clean fuels and technologies for cooking, urban (% of urban population)",EG.CFT.ACCS.UR.ZS,,,,,,,,,,,,,,,,,,,,,,,,,,,,,,,,,,,,,,,,,100,100,100,100,100,100,100,100,100,100,100,100,100,100,100,100,100,100,100,100,100,100,
Azerbaijan,AZE,"Access to clean fuels and technologies for cooking, urban (% of urban population)",EG.CFT.ACCS.UR.ZS,,,,,,,,,,,,,,,,,,,,,,,,,,,,,,,,,,,,,,,,,95.4,96,96.7,97.1,97.5,97.9,98.1,98.3,98.5,98.7,98.8,98.9,99,99.1,99.1,99.2,99.3,99.3,99.3,99.3,99.3,99.4,
Burundi,BDI,"Access to clean fuels and technologies for cooking, urban (% of urban population)",EG.CFT.ACCS.UR.ZS,,,,,,,,,,,,,,,,,,,,,,,,,,,,,,,,,,,,,,,,,1.1,1.1,1,0.9,0.8,0.7,0.7,0.6,0.6,0.5,0.5,0.4,0.4,0.3,0.3,0.3,0.3,0.2,0.2,0.2,0.2,0.2,
Belgium,BEL,"Access to clean fuels and technologies for cooking, urban (% of urban population)",EG.CFT.ACCS.UR.ZS,,,,,,,,,,,,,,,,,,,,,,,,,,,,,,,,,,,,,,,,,100,100,100,100,100,100,100,100,100,100,100,100,100,100,100,100,100,100,100,100,100,100,
Benin,BEN,"Access to clean fuels and technologies for cooking, urban (% of urban population)",EG.CFT.ACCS.UR.ZS,,,,,,,,,,,,,,,,,,,,,,,,,,,,,,,,,,,,,,,,,1.1,1.6,2.2,2.9,3.8,4.9,5.9,6.8,7.8,8.5,8.9,9.3,9.4,9.5,9.4,9.3,9,8.8,8.5,8.3,8,7.7,
Burkina Faso,BFA,"Access to clean fuels and technologies for cooking, urban (% of urban population)",EG.CFT.ACCS.UR.ZS,,,,,,,,,,,,,,,,,,,,,,,,,,,,,,,,,,,,,,,,,12.3,12.8,13.4,14.1,14.9,15.8,16.7,17.7,18.8,19.9,21.1,22.5,23.9,25.3,26.8,28.2,29.6,31.1,32.7,34.4,35.7,37.3,
Bangladesh,BGD,"Access to clean fuels and technologies for cooking, urban (% of urban population)",EG.CFT.ACCS.UR.ZS,,,,,,,,,,,,,,,,,,,,,,,,,,,,,,,,,,,,,,,,,34.5,34.7,34.8,35.1,35.5,36.1,37,38,39.1,40.7,42.5,44.1,45.8,47.5,49.2,50.5,52.1,53.5,55,56.5,57.8,59.1,
Bulgaria,BGR,"Access to clean fuels and technologies for cooking, urban (% of urban population)",EG.CFT.ACCS.UR.ZS,,,,,,,,,,,,,,,,,,,,,,,,,,,,,,,,,,,,,,,,,,,,,,,,,,,,,,,,,,,,,,,
Bahrain,BHR,"Access to clean fuels and technologies for cooking, urban (% of urban population)",EG.CFT.ACCS.UR.ZS,,,,,,,,,,,,,,,,,,,,,,,,,,,,,,,,,,,,,,,,,100,100,100,100,100,100,100,100,100,100,100,100,100,100,100,100,100,100,100,100,100,100,
"Bahamas, The",BHS,"Access to clean fuels and technologies for cooking, urban (% of urban population)",EG.CFT.ACCS.UR.ZS,,,,,,,,,,,,,,,,,,,,,,,,,,,,,,,,,,,,,,,,,100,100,100,100,100,100,100,100,100,100,100,100,100,100,100,100,100,100,100,100,100,100,
Bosnia and Herzegovina,BIH,"Access to clean fuels and technologies for cooking, urban (% of urban population)",EG.CFT.ACCS.UR.ZS,,,,,,,,,,,,,,,,,,,,,,,,,,,,,,,,,,,,,,,,,79.7,79.1,78.3,77.3,76.1,75.7,74.3,73.1,72.1,70.8,69.7,68.6,67.7,66.6,65.65,65.3,64.6,63.9,63.4,62.8,62.7,62.2,
Belarus,BLR,"Access to clean fuels and technologies for cooking, urban (% of urban population)",EG.CFT.ACCS.UR.ZS,,,,,,,,,,,,,,,,,,,,,,,,,,,,,,,,,,,,,,,,,98.7,98.9,99,99.1,99.2,99.4,99.4,99.5,99.6,99.6,99.7,99.7,99.8,99.8,99.8,99.8,99.8,99.8,99.8,99.8,99.8,99.8,
Belize,BLZ,"Access to clean fuels and technologies for cooking, urban (% of urban population)",EG.CFT.ACCS.UR.ZS,,,,,,,,,,,,,,,,,,,,,,,,,,,,,,,,,,,,,,,,,94.1,94.5,94.9,95.1,95.3,95.6,95.7,95.8,95.9,95.9,95.9,96,95.9,95.9,95.9,95.7,95.7,95.6,95.45,95.3,95.2,95.1,
Bermuda,BMU,"Access to clean fuels and technologies for cooking, urban (% of urban population)",EG.CFT.ACCS.UR.ZS,,,,,,,,,,,,,,,,,,,,,,,,,,,,,,,,,,,,,,,,,,,,,,,,,,,,,,,,,,,,,,,
Bolivia,BOL,"Access to clean fuels and technologies for cooking, urban (% of urban population)",EG.CFT.ACCS.UR.ZS,,,,,,,,,,,,,,,,,,,,,,,,,,,,,,,,,,,,,,,,,92.4,92.8,93.1,93.5,93.9,94.4,94.7,95.2,95.7,96.2,96.5,97,97.4,97.7,97.9,98.2,98.4,98.6,98.8,98.9,99,99.1,
Brazil,BRA,"Access to clean fuels and technologies for cooking, urban (% of urban population)",EG.CFT.ACCS.UR.ZS,,,,,,,,,,,,,,,,,,,,,,,,,,,,,,,,,,,,,,,,,96.8,97.1,97.3,97.5,97.7,97.8,98,98.2,98.3,98.4,98.5,98.6,98.7,98.8,98.8,98.9,98.9,98.9,99,99,98.9,99,
Barbados,BRB,"Access to clean fuels and technologies for cooking, urban (% of urban population)",EG.CFT.ACCS.UR.ZS,,,,,,,,,,,,,,,,,,,,,,,,,,,,,,,,,,,,,,,,,100,100,100,100,100,100,100,100,100,100,100,100,100,100,100,100,100,100,100,100,100,100,
Brunei Darussalam,BRN,"Access to clean fuels and technologies for cooking, urban (% of urban population)",EG.CFT.ACCS.UR.ZS,,,,,,,,,,,,,,,,,,,,,,,,,,,,,,,,,,,,,,,,,100,100,100,100,100,100,100,100,100,100,100,100,100,100,100,100,100,100,100,100,100,100,
Bhutan,BTN,"Access to clean fuels and technologies for cooking, urban (% of urban population)",EG.CFT.ACCS.UR.ZS,,,,,,,,,,,,,,,,,,,,,,,,,,,,,,,,,,,,,,,,,86.3,88.3,90.1,91.7,92.8,93.7,94.4,95,95.5,95.9,96.2,96.6,96.7,97,97.1,97.2,97.3,97.4,97.5,97.5,97.7,97.7,
Botswana,BWA,"Access to clean fuels and technologies for cooking, urban (% of urban population)",EG.CFT.ACCS.UR.ZS,,,,,,,,,,,,,,,,,,,,,,,,,,,,,,,,,,,,,,,,,69.7,71.3,73.1,74.8,76,77.3,78.6,79.7,80.45,81.3,81.9,82.5,83,83.7,84,84.3,84.6,85.2,85.4,85.5,85.8,86.3,
Canada,CAN,"Access to clean fuels and technologies for cooking, urban (% of urban population)",EG.CFT.ACCS.UR.ZS,,,,,,,,,,,,,,,,,,,,,,,,,,,,,,,,,,,,,,,,,100,100,100,100,100,100,100,100,100,100,100,100,100,100,100,100,100,100,100,100,100,100,
Switzerland,CHE,"Access to clean fuels and technologies for cooking, urban (% of urban population)",EG.CFT.ACCS.UR.ZS,,,,,,,,,,,,,,,,,,,,,,,,,,,,,,,,,,,,,,,,,100,100,100,100,100,100,100,100,100,100,100,100,100,100,100,100,100,100,100,100,100,100,
Channel Islands,CHI,"Access to clean fuels and technologies for cooking, urban (% of urban population)",EG.CFT.ACCS.UR.ZS,,,,,,,,,,,,,,,,,,,,,,,,,,,,,,,,,,,,,,,,,,,,,,,,,,,,,,,,,,,,,,,
Chile,CHL,"Access to clean fuels and technologies for cooking, urban (% of urban population)",EG.CFT.ACCS.UR.ZS,,,,,,,,,,,,,,,,,,,,,,,,,,,,,,,,,,,,,,,,,100,100,100,100,100,100,100,100,100,100,100,100,100,100,100,100,100,100,100,100,100,100,
China,CHN,"Access to clean fuels and technologies for cooking, urban (% of urban population)",EG.CFT.ACCS.UR.ZS,,,,,,,,,,,,,,,,,,,,,,,,,,,,,,,,,,,,,,,,,69.1,70.1,71,72.3,73.5,74.7,76,76.9,78.3,79.7,80.8,82.2,83.1,84.4,85.6,86.4,87.4,88.3,89.3,90,90.7,91.3,
Cote d'Ivoire,CIV,"Access to clean fuels and technologies for cooking, urban (% of urban population)",EG.CFT.ACCS.UR.ZS,,,,,,,,,,,,,,,,,,,,,,,,,,,,,,,,,,,,,,,,,33.8,33.6,33.3,33.3,33.3,33.4,34,34.3,35,36,37.2,38.6,40.2,41.9,43.7,45.9,48.2,50.6,53.1,55.7,58.1,60.6,
Cameroon,CMR,"Access to clean fuels and technologies for cooking, urban (% of urban population)",EG.CFT.ACCS.UR.ZS,,,,,,,,,,,,,,,,,,,,,,,,,,,,,,,,,,,,,,,,,21.3,23,24.8,26.4,28.2,29.9,31.5,33,34.3,35.6,36.8,37.8,38.6,39.3,39.6,40,40,40.1,39.9,39.4,39.3,38.8,
"Congo, Dem. Rep.",COD,"Access to clean fuels and technologies for cooking, urban (% of urban population)",EG.CFT.ACCS.UR.ZS,,,,,,,,,,,,,,,,,,,,,,,,,,,,,,,,,,,,,,,,,4.6,5.1,5.6,6.1,6.7,7.2,7.7,8.2,8.7,8.9,9.3,9.4,9.7,9.9,9.9,9.8,9.9,10,9.8,9.7,9.5,9.5,
"Congo, Rep.",COG,"Access to clean fuels and technologies for cooking, urban (% of urban population)",EG.CFT.ACCS.UR.ZS,,,,,,,,,,,,,,,,,,,,,,,,,,,,,,,,,,,,,,,,,13.2,14,14.9,15.8,17,18.2,19.5,20.9,22.6,24.3,26.05,27.9,30.1,32.3,34.5,37,39.1,41.3,43.6,45.9,48,50.2,
Colombia,COL,"Access to clean fuels and technologies for cooking, urban (% of urban population)",EG.CFT.ACCS.UR.ZS,,,,,,,,,,,,,,,,,,,,,,,,,,,,,,,,,,,,,,,,,93.3,93.9,94.5,95,95.4,95.8,96.2,96.5,96.9,97.1,97.4,97.7,97.8,98.1,98.3,98.5,98.6,98.8,98.9,99,99.1,99.2,
Comoros,COM,"Access to clean fuels and technologies for cooking, urban (% of urban population)",EG.CFT.ACCS.UR.ZS,,,,,,,,,,,,,,,,,,,,,,,,,,,,,,,,,,,,,,,,,1,1.2,1.5,1.9,2.3,2.9,3.6,4.3,5.1,6.1,7.2,8.4,9.8,11.3,12.8,14.3,16,17.8,19.5,21.1,23,24.8,
Cabo Verde,CPV,"Access to clean fuels and technologies for cooking, urban (% of urban population)",EG.CFT.ACCS.UR.ZS,,,,,,,,,,,,,,,,,,,,,,,,,,,,,,,,,,,,,,,,,89.7,89.6,89.6,89.7,89.8,89.8,90,90.3,90.5,90.9,91.2,91.5,91.9,92.3,92.6,93,93.3,93.6,93.8,94.2,94.4,94.6,
Costa Rica,CRI,"Access to clean fuels and technologies for cooking, urban (% of urban population)",EG.CFT.ACCS.UR.ZS,,,,,,,,,,,,,,,,,,,,,,,,,,,,,,,,,,,,,,,,,97.4,97.4,97.5,97.5,97.6,97.6,97.7,97.6,97.7,97.7,97.8,97.8,97.9,97.9,98,98,98,98.1,98.1,98.1,98.2,98.2,
Caribbean small states,CSS,"Access to clean fuels and technologies for cooking, urban (% of urban population)",EG.CFT.ACCS.UR.ZS,,,,,,,,,,,,,,,,,,,,,,,,,,,,,,,,,,,,,,,,,94.3030562,94.67717955,94.96573739,95.25767936,95.46029034,95.64724933,95.80192415,95.87433764,95.88075995,95.90885776,95.83357826,95.70081777,95.49952264,95.2815304,95.00192235,94.70495267,94.32098913,93.83988731,93.45025099,92.9951063,92.53990427,91.94562358,
Cuba,CUB,"Access to clean fuels and technologies for cooking, urban (% of urban population)",EG.CFT.ACCS.UR.ZS,,,,,,,,,,,,,,,,,,,,,,,,,,,,,,,,,,,,,,,,,84.8,86.5,87.9,89.5,90.5,91.6,92.5,93,93.7,94.1,94.4,94.8,95.1,95.5,95.8,95.9,96.1,96.4,96.5,96.6,96.7,96.7,
Curacao,CUW,"Access to clean fuels and technologies for cooking, urban (% of urban population)",EG.CFT.ACCS.UR.ZS,,,,,,,,,,,,,,,,,,,,,,,,,,,,,,,,,,,,,,,,,,,,,,,,,,,,,,,,,,,,,,,
Cayman Islands,CYM,"Access to clean fuels and technologies for cooking, urban (% of urban population)",EG.CFT.ACCS.UR.ZS,,,,,,,,,,,,,,,,,,,,,,,,,,,,,,,,,,,,,,,,,,,,,,,,,,,,,,,,,,,,,,,
Cyprus,CYP,"Access to clean fuels and technologies for cooking, urban (% of urban population)",EG.CFT.ACCS.UR.ZS,,,,,,,,,,,,,,,,,,,,,,,,,,,,,,,,,,,,,,,,,100,100,100,100,100,100,100,100,100,100,100,100,100,100,100,100,100,100,100,100,100,100,
Czechia,CZE,"Access to clean fuels and technologies for cooking, urban (% of urban population)",EG.CFT.ACCS.UR.ZS,,,,,,,,,,,,,,,,,,,,,,,,,,,,,,,,,,,,,,,,,100,100,100,100,100,100,100,100,100,100,100,100,100,100,100,100,100,100,100,100,100,100,
Germany,DEU,"Access to clean fuels and technologies for cooking, urban (% of urban population)",EG.CFT.ACCS.UR.ZS,,,,,,,,,,,,,,,,,,,,,,,,,,,,,,,,,,,,,,,,,100,100,100,100,100,100,100,100,100,100,100,100,100,100,100,100,100,100,100,100,100,100,
Djibouti,DJI,"Access to clean fuels and technologies for cooking, urban (% of urban population)",EG.CFT.ACCS.UR.ZS,,,,,,,,,,,,,,,,,,,,,,,,,,,,,,,,,,,,,,,,,4.4,4.6,4.8,5.1,5.3,5.6,5.9,6.3,6.8,7.4,7.7,8.2,8.7,9.2,9.7,10,10.4,10.8,11,11.3,11.6,11.6,
Dominica,DMA,"Access to clean fuels and technologies for cooking, urban (% of urban population)",EG.CFT.ACCS.UR.ZS,,,,,,,,,,,,,,,,,,,,,,,,,,,,,,,,,,,,,,,,,95.1,95.6,95.9,96.3,96.6,96.8,97,97.2,97.3,97.4,97.4,97.6,97.5,97.5,97.5,97.4,97.3,97.3,97.2,97.3,97,96.9,
Denmark,DNK,"Access to clean fuels and technologies for cooking, urban (% of urban population)",EG.CFT.ACCS.UR.ZS,,,,,,,,,,,,,,,,,,,,,,,,,,,,,,,,,,,,,,,,,100,100,100,100,100,100,100,100,100,100,100,100,100,100,100,100,100,100,100,100,100,100,
Dominican Republic,DOM,"Access to clean fuels and technologies for cooking, urban (% of urban population)",EG.CFT.ACCS.UR.ZS,,,,,,,,,,,,,,,,,,,,,,,,,,,,,,,,,,,,,,,,,94.8,95.1,95.4,95.5,95.6,95.7,95.6,95.6,95.5,95.5,95.4,95.4,95.3,95.2,95.2,95.2,95.3,95.3,95.4,95.4,95.6,95.6,
Algeria,DZA,"Access to clean fuels and technologies for cooking, urban (% of urban population)",EG.CFT.ACCS.UR.ZS,,,,,,,,,,,,,,,,,,,,,,,,,,,,,,,,,,,,,,,,,99.8,99.8,99.9,99.9,99.9,99.9,99.9,99.9,99.9,99.9,99.9,99.9,100,100,100,100,100,100,100,99.9,99.9,99.9,
Ecuador,ECU,"Access to clean fuels and technologies for cooking, urban (% of urban population)",EG.CFT.ACCS.UR.ZS,,,,,,,,,,,,,,,,,,,,,,,,,,,,,,,,,,,,,,,,,98.8,98.8,98.9,98.9,99,99,99,99,99.1,99.1,99,99.1,99.1,99.1,99.1,99.1,99.1,99.1,99.1,99,99,99,
"Egypt, Arab Rep.",EGY,"Access to clean fuels and technologies for cooking, urban (% of urban population)",EG.CFT.ACCS.UR.ZS,,,,,,,,,,,,,,,,,,,,,,,,,,,,,,,,,,,,,,,,,96.3,96.8,97.3,97.8,98.2,98.5,98.8,99,99.2,99.4,99.5,99.6,99.7,99.8,99.8,99.8,99.9,99.9,99.9,99.9,99.9,99.9,
Eritrea,ERI,"Access to clean fuels and technologies for cooking, urban (% of urban population)",EG.CFT.ACCS.UR.ZS,,,,,,,,,,,,,,,,,,,,,,,,,,,,,,,,,,,,,,,,,10.8,11.8,12.7,13.9,15,15.9,16.9,18,18.9,19.7,20.6,21.3,21.9,22.5,23,23.3,23.3,23.7,23.9,23.7,23.8,23.5,
Spain,ESP,"Access to clean fuels and technologies for cooking, urban (% of urban population)",EG.CFT.ACCS.UR.ZS,,,,,,,,,,,,,,,,,,,,,,,,,,,,,,,,,,,,,,,,,100,100,100,100,100,100,100,100,100,100,100,100,100,100,100,100,100,100,100,100,100,100,
Estonia,EST,"Access to clean fuels and technologies for cooking, urban (% of urban population)",EG.CFT.ACCS.UR.ZS,,,,,,,,,,,,,,,,,,,,,,,,,,,,,,,,,,,,,,,,,100,100,100,100,100,100,100,100,100,100,100,100,100,100,100,100,100,100,100,100,100,100,
Ethiopia,ETH,"Access to clean fuels and technologies for cooking, urban (% of urban population)",EG.CFT.ACCS.UR.ZS,,,,,,,,,,,,,,,,,,,,,,,,,,,,,,,,,,,,,,,,,2.2,2.5,3,3.5,4.2,4.9,5.8,6.8,8.1,9.3,10.7,12.1,13.7,15,16.5,17.9,19.4,20.7,22.3,23.6,25,26.6,
Finland,FIN,"Access to clean fuels and technologies for cooking, urban (% of urban population)",EG.CFT.ACCS.UR.ZS,,,,,,,,,,,,,,,,,,,,,,,,,,,,,,,,,,,,,,,,,100,100,100,100,100,100,100,100,100,100,100,100,100,100,100,100,100,100,100,100,100,100,
Fiji,FJI,"Access to clean fuels and technologies for cooking, urban (% of urban population)",EG.CFT.ACCS.UR.ZS,,,,,,,,,,,,,,,,,,,,,,,,,,,,,,,,,,,,,,,,,46.8,46.6,46.6,46.8,46.7,47,47.6,48.3,48.8,49.8,50.8,52,53.3,55.2,56.8,58.6,60.1,62.3,64,65.8,67.7,69.1,
France,FRA,"Access to clean fuels and technologies for cooking, urban (% of urban population)",EG.CFT.ACCS.UR.ZS,,,,,,,,,,,,,,,,,,,,,,,,,,,,,,,,,,,,,,,,,100,100,100,100,100,100,100,100,100,100,100,100,100,100,100,100,100,100,100,100,100,100,
Faroe Islands,FRO,"Access to clean fuels and technologies for cooking, urban (% of urban population)",EG.CFT.ACCS.UR.ZS,,,,,,,,,,,,,,,,,,,,,,,,,,,,,,,,,,,,,,,,,,,,,,,,,,,,,,,,,,,,,,,
Gabon,GAB,"Access to clean fuels and technologies for cooking, urban (% of urban population)",EG.CFT.ACCS.UR.ZS,,,,,,,,,,,,,,,,,,,,,,,,,,,,,,,,,,,,,,,,,78.9,80.3,81.6,82.8,84.05,85.1,86.2,87.3,88.2,88.9,90,90.5,91.3,91.9,92.5,92.9,93.4,93.6,94,94.3,94.6,94.8,
United Kingdom,GBR,"Access to clean fuels and technologies for cooking, urban (% of urban population)",EG.CFT.ACCS.UR.ZS,,,,,,,,,,,,,,,,,,,,,,,,,,,,,,,,,,,,,,,,,100,100,100,100,100,100,100,100,100,100,100,100,100,100,100,100,100,100,100,100,100,100,
Georgia,GEO,"Access to clean fuels and technologies for cooking, urban (% of urban population)",EG.CFT.ACCS.UR.ZS,,,,,,,,,,,,,,,,,,,,,,,,,,,,,,,,,,,,,,,,,84.9,86,86.95,87.9,88.5,89.4,90.3,91.1,91.7,92.5,93.1,93.8,94.2,94.7,95.3,95.7,96,96.3,96.6,96.9,97.2,97.4,
Ghana,GHA,"Access to clean fuels and technologies for cooking, urban (% of urban population)",EG.CFT.ACCS.UR.ZS,,,,,,,,,,,,,,,,,,,,,,,,,,,,,,,,,,,,,,,,,14.1,15.25,16.4,17.5,18.85,20.2,21.6,23.2,24.7,26.4,28,29.8,31.4,33.1,34.8,36.4,38,39.6,41.1,42.5,44.2,45.5,
Gibraltar,GIB,"Access to clean fuels and technologies for cooking, urban (% of urban population)",EG.CFT.ACCS.UR.ZS,,,,,,,,,,,,,,,,,,,,,,,,,,,,,,,,,,,,,,,,,,,,,,,,,,,,,,,,,,,,,,,
Guinea,GIN,"Access to clean fuels and technologies for cooking, urban (% of urban population)",EG.CFT.ACCS.UR.ZS,,,,,,,,,,,,,,,,,,,,,,,,,,,,,,,,,,,,,,,,,1.2,1.2,1.2,1.2,1.2,1.2,1.2,1.2,1.3,1.3,1.4,1.4,1.5,1.5,1.6,1.7,1.7,1.9,2,2.1,2.2,2.3,
"Gambia, The",GMB,"Access to clean fuels and technologies for cooking, urban (% of urban population)",EG.CFT.ACCS.UR.ZS,,,,,,,,,,,,,,,,,,,,,,,,,,,,,,,,,,,,,,,,,5.2,5.3,5.2,5.2,5.1,5,4.8,4.6,4.5,4.2,3.9,3.8,3.5,3.3,3.1,3,2.9,2.8,2.7,2.6,2.5,2.4,
Guinea-Bissau,GNB,"Access to clean fuels and technologies for cooking, urban (% of urban population)",EG.CFT.ACCS.UR.ZS,,,,,,,,,,,,,,,,,,,,,,,,,,,,,,,,,,,,,,,,,3.7,3.5,3.4,3.2,3.1,3,2.8,2.8,2.7,2.7,2.6,2.6,2.5,2.5,2.5,2.4,2.4,2.3,2.2,2.2,2,1.9,
Equatorial Guinea,GNQ,"Access to clean fuels and technologies for cooking, urban (% of urban population)",EG.CFT.ACCS.UR.ZS,,,,,,,,,,,,,,,,,,,,,,,,,,,,,,,,,,,,,,,,,30,30.8,31.1,31.6,32.3,32.7,33,33.3,33.7,33.7,33.7,33.9,33.8,33.6,33.4,33.2,32.9,32.7,32.4,32,31.3,31,
Greece,GRC,"Access to clean fuels and technologies for cooking, urban (% of urban population)",EG.CFT.ACCS.UR.ZS,,,,,,,,,,,,,,,,,,,,,,,,,,,,,,,,,,,,,,,,,100,100,100,100,100,100,100,100,100,100,100,100,100,100,100,100,100,100,100,100,100,100,
Grenada,GRD,"Access to clean fuels and technologies for cooking, urban (% of urban population)",EG.CFT.ACCS.UR.ZS,,,,,,,,,,,,,,,,,,,,,,,,,,,,,,,,,,,,,,,,,93.5,93.7,93.9,94.2,94.4,94.55,94.6,94.8,94.9,95,95.1,95.1,95.1,95.1,94.8,95,94.9,94.8,94.6,94.6,94.4,94.2,
Greenland,GRL,"Access to clean fuels and technologies for cooking, urban (% of urban population)",EG.CFT.ACCS.UR.ZS,,,,,,,,,,,,,,,,,,,,,,,,,,,,,,,,,,,,,,,,,,,,,,,,,,,,,,,,,,,,,,,
Guatemala,GTM,"Access to clean fuels and technologies for cooking, urban (% of urban population)",EG.CFT.ACCS.UR.ZS,,,,,,,,,,,,,,,,,,,,,,,,,,,,,,,,,,,,,,,,,66.75,65.7,64.8,64,63.4,62.7,62.4,62.1,62,62.4,62.7,63.4,64,64.8,65.8,66.9,68.2,69.3,70.4,71.6,72.4,73.35,
Guam,GUM,"Access to clean fuels and technologies for cooking, urban (% of urban population)",EG.CFT.ACCS.UR.ZS,,,,,,,,,,,,,,,,,,,,,,,,,,,,,,,,,,,,,,,,,,,,,,,,,,,,,,,,,,,,,,,
Guyana,GUY,"Access to clean fuels and technologies for cooking, urban (% of urban population)",EG.CFT.ACCS.UR.ZS,,,,,,,,,,,,,,,,,,,,,,,,,,,,,,,,,,,,,,,,,55.4,57.6,59.6,61.8,64,66,68.1,69.8,71.8,73.4,75,76.5,77.9,79.2,80.2,81.2,82.1,82.7,83.5,84.1,84.85,85.2,
"Hong Kong SAR, China",HKG,"Access to clean fuels and technologies for cooking, urban (% of urban population)",EG.CFT.ACCS.UR.ZS,,,,,,,,,,,,,,,,,,,,,,,,,,,,,,,,,,,,,,,,,,,,,,,,,,,,,,,,,,,,,,,
Honduras,HND,"Access to clean fuels and technologies for cooking, urban (% of urban population)",EG.CFT.ACCS.UR.ZS,,,,,,,,,,,,,,,,,,,,,,,,,,,,,,,,,,,,,,,,,56.1,57.9,60.2,62,63.9,65.1,66.3,67.8,68.5,69.5,70.4,70.6,71.2,71.7,71.8,72.3,72.3,72.6,72.8,72.8,72.6,72.6,
Croatia,HRV,"Access to clean fuels and technologies for cooking, urban (% of urban population)",EG.CFT.ACCS.UR.ZS,,,,,,,,,,,,,,,,,,,,,,,,,,,,,,,,,,,,,,,,,100,100,100,100,100,100,100,100,100,100,100,100,100,100,100,100,100,100,100,100,100,100,
Haiti,HTI,"Access to clean fuels and technologies for cooking, urban (% of urban population)",EG.CFT.ACCS.UR.ZS,,,,,,,,,,,,,,,,,,,,,,,,,,,,,,,,,,,,,,,,,5.7,5.9,6,6.2,6.4,6.5,6.5,6.6,6.8,6.8,6.8,6.8,6.8,6.7,6.7,6.7,6.7,6.7,6.6,6.6,6.6,6.5,
Hungary,HUN,"Access to clean fuels and technologies for cooking, urban (% of urban population)",EG.CFT.ACCS.UR.ZS,,,,,,,,,,,,,,,,,,,,,,,,,,,,,,,,,,,,,,,,,100,100,100,100,100,100,100,100,100,100,100,100,100,100,100,100,100,100,100,100,100,100,
Indonesia,IDN,"Access to clean fuels and technologies for cooking, urban (% of urban population)",EG.CFT.ACCS.UR.ZS,,,,,,,,,,,,,,,,,,,,,,,,,,,,,,,,,,,,,,,,,14.6,16.4,18.6,21.2,24.8,29.1,34.3,40.5,47.6,54.5,61.1,67.3,72.7,77.3,80.8,84,86.7,88.7,90.5,92,93.3,94.3,
Isle of Man,IMN,"Access to clean fuels and technologies for cooking, urban (% of urban population)",EG.CFT.ACCS.UR.ZS,,,,,,,,,,,,,,,,,,,,,,,,,,,,,,,,,,,,,,,,,,,,,,,,,,,,,,,,,,,,,,,
India,IND,"Access to clean fuels and technologies for cooking, urban (% of urban population)",EG.CFT.ACCS.UR.ZS,,,,,,,,,,,,,,,,,,,,,,,,,,,,,,,,,,,,,,,,,49.9,52.1,54.3,56.2,58.4,60.3,62.3,64.7,66.6,68.9,71.2,73.6,75.9,78.5,80.7,82.9,85.1,87.1,89.1,90.6,92,93.3,
Ireland,IRL,"Access to clean fuels and technologies for cooking, urban (% of urban population)",EG.CFT.ACCS.UR.ZS,,,,,,,,,,,,,,,,,,,,,,,,,,,,,,,,,,,,,,,,,100,100,100,100,100,100,100,100,100,100,100,100,100,100,100,100,100,100,100,100,100,100,
"Iran, Islamic Rep.",IRN,"Access to clean fuels and technologies for cooking, urban (% of urban population)",EG.CFT.ACCS.UR.ZS,,,,,,,,,,,,,,,,,,,,,,,,,,,,,,,,,,,,,,,,,97.8,97.9,98.1,98.2,98.3,98.4,98.5,98.6,98.7,98.8,98.8,98.8,98.9,98.9,98.9,98.9,98.9,98.9,98.9,98.8,98.8,98.8,
Iraq,IRQ,"Access to clean fuels and technologies for cooking, urban (% of urban population)",EG.CFT.ACCS.UR.ZS,,,,,,,,,,,,,,,,,,,,,,,,,,,,,,,,,,,,,,,,,78.8,82,85.1,87.7,89.9,91.9,93.6,94.8,96,96.8,97.5,98.1,98.4,98.8,99,99.1,99.3,99.4,99.4,99.5,99.5,99.6,
Iceland,ISL,"Access to clean fuels and technologies for cooking, urban (% of urban population)",EG.CFT.ACCS.UR.ZS,,,,,,,,,,,,,,,,,,,,,,,,,,,,,,,,,,,,,,,,,100,100,100,100,100,100,100,100,100,100,100,100,100,100,100,100,100,100,100,100,100,100,
Israel,ISR,"Access to clean fuels and technologies for cooking, urban (% of urban population)",EG.CFT.ACCS.UR.ZS,,,,,,,,,,,,,,,,,,,,,,,,,,,,,,,,,,,,,,,,,100,100,100,100,100,100,100,100,100,100,100,100,100,100,100,100,100,100,100,100,100,100,
Italy,ITA,"Access to clean fuels and technologies for cooking, urban (% of urban population)",EG.CFT.ACCS.UR.ZS,,,,,,,,,,,,,,,,,,,,,,,,,,,,,,,,,,,,,,,,,100,100,100,100,100,100,100,100,100,100,100,100,100,100,100,100,100,100,100,100,100,100,
Jamaica,JAM,"Access to clean fuels and technologies for cooking, urban (% of urban population)",EG.CFT.ACCS.UR.ZS,,,,,,,,,,,,,,,,,,,,,,,,,,,,,,,,,,,,,,,,,98,98.2,98.2,98.2,98,97.8,97.6,97.2,96.7,96.3,95.7,95,94.2,93.4,92.5,91.6,90.5,89.2,88.1,86.9,85.7,84.2,
Jordan,JOR,"Access to clean fuels and technologies for cooking, urban (% of urban population)",EG.CFT.ACCS.UR.ZS,,,,,,,,,,,,,,,,,,,,,,,,,,,,,,,,,,,,,,,,,99.6,99.7,99.7,99.8,99.8,99.8,99.8,99.8,99.9,99.9,99.9,99.9,99.9,99.9,99.9,99.9,99.9,99.9,99.9,99.9,99.9,99.8,
Japan,JPN,"Access to clean fuels and technologies for cooking, urban (% of urban population)",EG.CFT.ACCS.UR.ZS,,,,,,,,,,,,,,,,,,,,,,,,,,,,,,,,,,,,,,,,,100,100,100,100,100,100,100,100,100,100,100,100,100,100,100,100,100,100,100,100,100,100,
Kazakhstan,KAZ,"Access to clean fuels and technologies for cooking, urban (% of urban population)",EG.CFT.ACCS.UR.ZS,,,,,,,,,,,,,,,,,,,,,,,,,,,,,,,,,,,,,,,,,96.7,96.8,97,97.2,97.2,97.4,97.5,97.6,97.6,97.7,97.8,97.9,97.8,97.9,97.9,97.9,97.9,97.9,97.9,97.8,97.9,97.8,
Kenya,KEN,"Access to clean fuels and technologies for cooking, urban (% of urban population)",EG.CFT.ACCS.UR.ZS,,,,,,,,,,,,,,,,,,,,,,,,,,,,,,,,,,,,,,,,,5.5,6.8,8,9.5,10.8,12.3,14.1,15.6,17,18.4,20.05,21.8,23.5,25.6,27.9,30.5,33.6,36.9,40,43.8,47.7,51.3,
Kyrgyz Republic,KGZ,"Access to clean fuels and technologies for cooking, urban (% of urban population)",EG.CFT.ACCS.UR.ZS,,,,,,,,,,,,,,,,,,,,,,,,,,,,,,,,,,,,,,,,,85.9,86.8,87.7,88.3,89,89.8,90.6,91,91.6,92.3,92.8,93.1,93.5,93.8,94,94.3,94.5,94.6,94.8,94.8,94.9,95,
Cambodia,KHM,"Access to clean fuels and technologies for cooking, urban (% of urban population)",EG.CFT.ACCS.UR.ZS,,,,,,,,,,,,,,,,,,,,,,,,,,,,,,,,,,,,,,,,,15.5,17.9,20.4,22.9,25.8,28.8,31.8,35,38.1,41.5,44.7,47.8,50.9,54.2,57.1,59.9,62.7,65.3,67.8,70,72.4,74.35,
Kiribati,KIR,"Access to clean fuels and technologies for cooking, urban (% of urban population)",EG.CFT.ACCS.UR.ZS,,,,,,,,,,,,,,,,,,,,,,,,,,,,,,,,,,,,,,,,,1.2,1.4,1.7,2,2.3,2.8,3.2,3.7,4.3,5,5.8,6.7,7.6,8.6,9.8,10.9,12.3,13.8,15.3,16.8,18.6,20.4,
St. Kitts and Nevis,KNA,"Access to clean fuels and technologies for cooking, urban (% of urban population)",EG.CFT.ACCS.UR.ZS,,,,,,,,,,,,,,,,,,,,,,,,,,,,,,,,,,,,,,,,,100,100,100,100,100,100,100,100,100,100,100,100,100,100,100,100,100,100,100,100,100,100,
"Korea, Rep.",KOR,"Access to clean fuels and technologies for cooking, urban (% of urban population)",EG.CFT.ACCS.UR.ZS,,,,,,,,,,,,,,,,,,,,,,,,,,,,,,,,,,,,,,,,,100,100,100,100,100,100,100,100,100,100,100,100,100,100,100,100,100,100,100,100,100,100,
Kuwait,KWT,"Access to clean fuels and technologies for cooking, urban (% of urban population)",EG.CFT.ACCS.UR.ZS,,,,,,,,,,,,,,,,,,,,,,,,,,,,,,,,,,,,,,,,,100,100,100,100,100,100,100,100,100,100,100,100,100,100,100,100,100,100,100,100,100,100,
Lao PDR,LAO,"Access to clean fuels and technologies for cooking, urban (% of urban population)",EG.CFT.ACCS.UR.ZS,,,,,,,,,,,,,,,,,,,,,,,,,,,,,,,,,,,,,,,,,3.2,3.7,4.2,4.8,5.5,6.1,6.8,7.6,8.3,9.1,10,11,11.8,12.8,13.7,14.7,15.9,16.7,17.8,18.9,20.1,21.1,
Lebanon,LBN,"Access to clean fuels and technologies for cooking, urban (% of urban population)",EG.CFT.ACCS.UR.ZS,,,,,,,,,,,,,,,,,,,,,,,,,,,,,,,,,,,,,,,,,,,,,,,,,,,,,,,,,,,,,,,
Liberia,LBR,"Access to clean fuels and technologies for cooking, urban (% of urban population)",EG.CFT.ACCS.UR.ZS,,,,,,,,,,,,,,,,,,,,,,,,,,,,,,,,,,,,,,,,,0.6,0.6,0.6,0.6,0.6,0.55,0.5,0.5,0.5,0.5,0.5,0.5,0.5,0.5,0.5,0.5,0.5,0.5,0.5,0.5,0.5,0.6,
Libya,LBY,"Access to clean fuels and technologies for cooking, urban (% of urban population)",EG.CFT.ACCS.UR.ZS,,,,,,,,,,,,,,,,,,,,,,,,,,,,,,,,,,,,,,,,,,,,,,,,,,,,,,,,,,,,,,,
St. Lucia,LCA,"Access to clean fuels and technologies for cooking, urban (% of urban population)",EG.CFT.ACCS.UR.ZS,,,,,,,,,,,,,,,,,,,,,,,,,,,,,,,,,,,,,,,,,72.5,75.8,78.8,81.6,84.2,86.6,88.4,90.1,91.6,92.8,93.8,94.7,95.3,95.9,96.4,96.8,97,97.3,97.6,97.8,98,98.2,
Liechtenstein,LIE,"Access to clean fuels and technologies for cooking, urban (% of urban population)",EG.CFT.ACCS.UR.ZS,,,,,,,,,,,,,,,,,,,,,,,,,,,,,,,,,,,,,,,,,,,,,,,,,,,,,,,,,,,,,,,
Sri Lanka,LKA,"Access to clean fuels and technologies for cooking, urban (% of urban population)",EG.CFT.ACCS.UR.ZS,,,,,,,,,,,,,,,,,,,,,,,,,,,,,,,,,,,,,,,,,50.5,51.1,51.8,52.4,53,53.9,54.4,55.4,56.2,57.1,58.1,59,60.3,61.4,62.5,63.9,65.2,66.5,67.5,68.6,69.6,70.7,
Lesotho,LSO,"Access to clean fuels and technologies for cooking, urban (% of urban population)",EG.CFT.ACCS.UR.ZS,,,,,,,,,,,,,,,,,,,,,,,,,,,,,,,,,,,,,,,,,46.6,50.1,53.5,57,59.8,62.6,65.3,67.2,69.6,71.4,72.8,74.2,75.5,76.6,77.5,78.4,79.2,80,80.5,81.05,81.5,82,
Lithuania,LTU,"Access to clean fuels and technologies for cooking, urban (% of urban population)",EG.CFT.ACCS.UR.ZS,,,,,,,,,,,,,,,,,,,,,,,,,,,,,,,,,,,,,,,,,100,100,100,100,100,100,100,100,100,100,100,100,100,100,100,100,100,100,100,100,100,100,
Luxembourg,LUX,"Access to clean fuels and technologies for cooking, urban (% of urban population)",EG.CFT.ACCS.UR.ZS,,,,,,,,,,,,,,,,,,,,,,,,,,,,,,,,,,,,,,,,,100,100,100,100,100,100,100,100,100,100,100,100,100,100,100,100,100,100,100,100,100,100,
Latvia,LVA,"Access to clean fuels and technologies for cooking, urban (% of urban population)",EG.CFT.ACCS.UR.ZS,,,,,,,,,,,,,,,,,,,,,,,,,,,,,,,,,,,,,,,,,100,100,100,100,100,100,100,100,100,100,100,100,100,100,100,100,100,100,100,100,100,100,
"Macao SAR, China",MAC,"Access to clean fuels and technologies for cooking, urban (% of urban population)",EG.CFT.ACCS.UR.ZS,,,,,,,,,,,,,,,,,,,,,,,,,,,,,,,,,,,,,,,,,,,,,,,,,,,,,,,,,,,,,,,
St. Martin (French part),MAF,"Access to clean fuels and technologies for cooking, urban (% of urban population)",EG.CFT.ACCS.UR.ZS,,,,,,,,,,,,,,,,,,,,,,,,,,,,,,,,,,,,,,,,,,,,,,,,,,,,,,,,,,,,,,,
Morocco,MAR,"Access to clean fuels and technologies for cooking, urban (% of urban population)",EG.CFT.ACCS.UR.ZS,,,,,,,,,,,,,,,,,,,,,,,,,,,,,,,,,,,,,,,,,99.6,99.7,99.7,99.7,99.7,99.7,99.7,99.7,99.7,99.7,99.7,99.7,99.6,99.6,99.6,99.6,99.6,99.5,99.5,99.5,99.4,99.4,
Monaco,MCO,"Access to clean fuels and technologies for cooking, urban (% of urban population)",EG.CFT.ACCS.UR.ZS,,,,,,,,,,,,,,,,,,,,,,,,,,,,,,,,,,,,,,,,,100,100,100,100,100,100,100,100,100,100,100,100,100,100,100,100,100,100,100,100,100,100,
Moldova,MDA,"Access to clean fuels and technologies for cooking, urban (% of urban population)",EG.CFT.ACCS.UR.ZS,,,,,,,,,,,,,,,,,,,,,,,,,,,,,,,,,,,,,,,,,95.6,96.2,96.5,96.9,97.3,97.5,97.8,98,98.2,98.4,98.4,98.6,98.7,98.7,98.9,98.9,98.9,99,99,99,99,99.1,
Madagascar,MDG,"Access to clean fuels and technologies for cooking, urban (% of urban population)",EG.CFT.ACCS.UR.ZS,,,,,,,,,,,,,,,,,,,,,,,,,,,,,,,,,,,,,,,,,2.6,2.5,2.4,2.3,2.3,2.2,2.2,2.1,2.1,2.1,2.1,2.1,2.2,2.3,2.3,2.4,2.6,2.7,2.9,3.1,3.4,3.6,
Maldives,MDV,"Access to clean fuels and technologies for cooking, urban (% of urban population)",EG.CFT.ACCS.UR.ZS,,,,,,,,,,,,,,,,,,,,,,,,,,,,,,,,,,,,,,,,,94.2,94.9,95.75,96.4,96.9,97.5,97.9,98.3,98.6,98.9,99.2,99.4,99.5,99.5,99.7,99.7,99.7,99.8,99.8,99.8,99.8,99.8,
Mexico,MEX,"Access to clean fuels and technologies for cooking, urban (% of urban population)",EG.CFT.ACCS.UR.ZS,,,,,,,,,,,,,,,,,,,,,,,,,,,,,,,,,,,,,,,,,98,97.9,97.7,97.4,97.3,97,96.7,96.4,96.1,95.7,95.3,94.9,94.4,94,93.6,93.2,92.8,92.5,92.1,91.7,91.3,90.8,
Marshall Islands,MHL,"Access to clean fuels and technologies for cooking, urban (% of urban population)",EG.CFT.ACCS.UR.ZS,,,,,,,,,,,,,,,,,,,,,,,,,,,,,,,,,,,,,,,,,17.1,21,25.3,30.5,36.3,42.6,48.9,55.4,61.5,67.2,71.6,75.4,78.4,80.6,82.6,83.9,84.75,85.7,86.3,86.7,86.9,87,
North Macedonia,MKD,"Access to clean fuels and technologies for cooking, urban (% of urban population)",EG.CFT.ACCS.UR.ZS,,,,,,,,,,,,,,,,,,,,,,,,,,,,,,,,,,,,,,,,,69,70.7,72.8,74.7,76.4,77.9,79.7,81.3,82.8,84.2,85.3,86.3,87.5,88.2,89.1,89.6,90.2,90.7,91.2,91.6,91.9,92.2,
Mali,MLI,"Access to clean fuels and technologies for cooking, urban (% of urban population)",EG.CFT.ACCS.UR.ZS,,,,,,,,,,,,,,,,,,,,,,,,,,,,,,,,,,,,,,,,,1.9,1.9,1.9,2,2,2,2.1,2,2,2.1,2,2,2,2,2,2,1.9,1.9,1.9,1.8,1.8,1.8,
Malta,MLT,"Access to clean fuels and technologies for cooking, urban (% of urban population)",EG.CFT.ACCS.UR.ZS,,,,,,,,,,,,,,,,,,,,,,,,,,,,,,,,,,,,,,,,,100,100,100,100,100,100,100,100,100,100,100,100,100,100,100,100,100,100,100,100,100,100,
Myanmar,MMR,"Access to clean fuels and technologies for cooking, urban (% of urban population)",EG.CFT.ACCS.UR.ZS,,,,,,,,,,,,,,,,,,,,,,,,,,,,,,,,,,,,,,,,,5.1,6,7,8.1,9.6,11.3,13.1,15.8,18.8,22.3,26.3,30.9,36,41.1,46.9,53,58.6,64.2,69.6,74,78.4,82,
Montenegro,MNE,"Access to clean fuels and technologies for cooking, urban (% of urban population)",EG.CFT.ACCS.UR.ZS,,,,,,,,,,,,,,,,,,,,,,,,,,,,,,,,,,,,,,,,,82.55,82,81.5,81,80.2,79.4,78.7,78,77,76.15,75.4,74.4,73.9,73.3,72.7,72.4,71.9,71.5,71.4,71.2,71.1,70.9,
Mongolia,MNG,"Access to clean fuels and technologies for cooking, urban (% of urban population)",EG.CFT.ACCS.UR.ZS,,,,,,,,,,,,,,,,,,,,,,,,,,,,,,,,,,,,,,,,,40.3,40.5,40.5,40.8,41.5,42.4,43.5,45,46.6,48.4,50.2,52.4,54.3,56.7,58.5,60.5,62.3,64.1,65.7,67.5,69,70.7,
Northern Mariana Islands,MNP,"Access to clean fuels and technologies for cooking, urban (% of urban population)",EG.CFT.ACCS.UR.ZS,,,,,,,,,,,,,,,,,,,,,,,,,,,,,,,,,,,,,,,,,,,,,,,,,,,,,,,,,,,,,,,
Mozambique,MOZ,"Access to clean fuels and technologies for cooking, urban (% of urban population)",EG.CFT.ACCS.UR.ZS,,,,,,,,,,,,,,,,,,,,,,,,,,,,,,,,,,,,,,,,,4.7,5.1,5.5,5.9,6.2,6.6,7.1,7.5,8,8.5,8.8,9.3,9.8,10.3,10.8,11.25,11.7,12.2,12.8,13.3,13.9,14.5,
Mauritania,MRT,"Access to clean fuels and technologies for cooking, urban (% of urban population)",EG.CFT.ACCS.UR.ZS,,,,,,,,,,,,,,,,,,,,,,,,,,,,,,,,,,,,,,,,,52.7,55.2,57.5,59.5,61.4,63,64.5,65.7,66.7,67.5,68.1,68.8,69.4,69.8,70.2,70.8,71.3,71.7,72.1,72.7,73.2,73.5,
Mauritius,MUS,"Access to clean fuels and technologies for cooking, urban (% of urban population)",EG.CFT.ACCS.UR.ZS,,,,,,,,,,,,,,,,,,,,,,,,,,,,,,,,,,,,,,,,,97.1,97.4,97.6,97.9,98.1,98.3,98.5,98.6,98.8,98.8,99,99,99.1,99.2,99.2,99.2,99.2,99.3,99.3,99.3,99.3,99.3,
Malawi,MWI,"Access to clean fuels and technologies for cooking, urban (% of urban population)",EG.CFT.ACCS.UR.ZS,,,,,,,,,,,,,,,,,,,,,,,,,,,,,,,,,,,,,,,,,11.8,11.7,11.4,11.2,11,11,11,11.1,11,11.1,11.2,11.4,11.1,11,10.6,10,9.4,8.8,8.1,7.4,6.8,6.1,
Malaysia,MYS,"Access to clean fuels and technologies for cooking, urban (% of urban population)",EG.CFT.ACCS.UR.ZS,,,,,,,,,,,,,,,,,,,,,,,,,,,,,,,,,,,,,,,,,99.5,99.5,99.5,99.5,99.5,99.4,99.4,99.3,99.3,99.2,99.1,99.1,99,98.9,98.8,98.7,98.5,98.4,98.2,98.1,98,97.8,
Namibia,NAM,"Access to clean fuels and technologies for cooking, urban (% of urban population)",EG.CFT.ACCS.UR.ZS,,,,,,,,,,,,,,,,,,,,,,,,,,,,,,,,,,,,,,,,,76.6,76.7,76.9,76.8,76.8,76.8,76.6,76.5,76.5,76.2,76,75.7,75.4,75.2,74.9,74.7,74.4,74.1,73.6,73.2,72.9,72.5,
New Caledonia,NCL,"Access to clean fuels and technologies for cooking, urban (% of urban population)",EG.CFT.ACCS.UR.ZS,,,,,,,,,,,,,,,,,,,,,,,,,,,,,,,,,,,,,,,,,,,,,,,,,,,,,,,,,,,,,,,
Niger,NER,"Access to clean fuels and technologies for cooking, urban (% of urban population)",EG.CFT.ACCS.UR.ZS,,,,,,,,,,,,,,,,,,,,,,,,,,,,,,,,,,,,,,,,,4.2,4.2,4.4,4.5,4.8,5,5.2,5.5,5.8,6.1,6.5,6.9,7.4,8,8.4,9,9.7,10.3,11,11.6,12.4,13.2,
Nigeria,NGA,"Access to clean fuels and technologies for cooking, urban (% of urban population)",EG.CFT.ACCS.UR.ZS,,,,,,,,,,,,,,,,,,,,,,,,,,,,,,,,,,,,,,,,,1.4,1.4,1.6,1.7,1.9,2,2.3,2.6,2.9,3.4,4.1,4.9,5.9,7.2,9.1,11.4,14.2,17.6,21.5,25.6,29.5,32.8,
Nicaragua,NIC,"Access to clean fuels and technologies for cooking, urban (% of urban population)",EG.CFT.ACCS.UR.ZS,,,,,,,,,,,,,,,,,,,,,,,,,,,,,,,,,,,,,,,,,54.6,56.2,57.8,59.3,60.7,62.3,64,65.6,67.2,68.7,70.5,72.2,73.6,75.3,76.9,78.5,79.8,81.4,82.6,84,85.2,86.4,
Netherlands,NLD,"Access to clean fuels and technologies for cooking, urban (% of urban population)",EG.CFT.ACCS.UR.ZS,,,,,,,,,,,,,,,,,,,,,,,,,,,,,,,,,,,,,,,,,100,100,100,100,100,100,100,100,100,100,100,100,100,100,100,100,100,100,100,100,100,100,
Norway,NOR,"Access to clean fuels and technologies for cooking, urban (% of urban population)",EG.CFT.ACCS.UR.ZS,,,,,,,,,,,,,,,,,,,,,,,,,,,,,,,,,,,,,,,,,100,100,100,100,100,100,100,100,100,100,100,100,100,100,100,100,100,100,100,100,100,100,
Nepal,NPL,"Access to clean fuels and technologies for cooking, urban (% of urban population)",EG.CFT.ACCS.UR.ZS,,,,,,,,,,,,,,,,,,,,,,,,,,,,,,,,,,,,,,,,,23.5,29.2,35.15,40.85,46.3,51.3,55.2,58.3,60.9,63.1,64.5,65.4,66.1,66.7,66.8,66.9,66.6,66.1,65.5,65,64.4,63.4,
Nauru,NRU,"Access to clean fuels and technologies for cooking, urban (% of urban population)",EG.CFT.ACCS.UR.ZS,,,,,,,,,,,,,,,,,,,,,,,,,,,,,,,,,,,,,,,,,100,100,100,100,100,100,100,100,100,100,100,100,100,100,100,100,100,100,100,100,100,100,
New Zealand,NZL,"Access to clean fuels and technologies for cooking, urban (% of urban population)",EG.CFT.ACCS.UR.ZS,,,,,,,,,,,,,,,,,,,,,,,,,,,,,,,,,,,,,,,,,100,100,100,100,100,100,100,100,100,100,100,100,100,100,100,100,100,100,100,100,100,100,
Oman,OMN,"Access to clean fuels and technologies for cooking, urban (% of urban population)",EG.CFT.ACCS.UR.ZS,,,,,,,,,,,,,,,,,,,,,,,,,,,,,,,,,,,,,,,,,100,100,100,100,100,100,100,100,100,100,100,100,100,100,100,100,100,100,100,100,100,100,
Pakistan,PAK,"Access to clean fuels and technologies for cooking, urban (% of urban population)",EG.CFT.ACCS.UR.ZS,,,,,,,,,,,,,,,,,,,,,,,,,,,,,,,,,,,,,,,,,65.6,67.5,69.3,71.1,72.8,74.3,76,77.5,79,80.3,81.7,82.8,83.7,84.6,85.3,85.7,86.2,86.4,86.7,87,87.1,87.2,
Panama,PAN,"Access to clean fuels and technologies for cooking, urban (% of urban population)",EG.CFT.ACCS.UR.ZS,,,,,,,,,,,,,,,,,,,,,,,,,,,,,,,,,,,,,,,,,100,100,100,100,100,100,100,100,100,100,100,100,100,100,100,100,100,100,100,100,100,100,
Peru,PER,"Access to clean fuels and technologies for cooking, urban (% of urban population)",EG.CFT.ACCS.UR.ZS,,,,,,,,,,,,,,,,,,,,,,,,,,,,,,,,,,,,,,,,,59.3,63.65,67.6,71,73.6,76,78,79.8,81.4,82.9,84.2,85.6,87,88.2,89.5,90.7,91.9,92.9,94,94.7,95.6,96.2,
Philippines,PHL,"Access to clean fuels and technologies for cooking, urban (% of urban population)",EG.CFT.ACCS.UR.ZS,,,,,,,,,,,,,,,,,,,,,,,,,,,,,,,,,,,,,,,,,55.4,56.9,58,58.7,59.6,60.1,60.8,61.1,61.4,61.5,61.9,61.9,62.3,62.7,63.5,64,65,65.7,66.6,67.4,68.4,69.4,
Palau,PLW,"Access to clean fuels and technologies for cooking, urban (% of urban population)",EG.CFT.ACCS.UR.ZS,,,,,,,,,,,,,,,,,,,,,,,,,,,,,,,,,,,,,,,,,49.8,50.4,50.2,50.7,51.55,51.5,50.8,51,51.1,50,50.4,49.3,48.7,48.6,47.8,47.2,46.3,45.7,45,44.45,43.2,42,
Papua New Guinea,PNG,"Access to clean fuels and technologies for cooking, urban (% of urban population)",EG.CFT.ACCS.UR.ZS,,,,,,,,,,,,,,,,,,,,,,,,,,,,,,,,,,,,,,,,,38.8,39.1,39.5,39.7,39.7,39.9,40,40.1,40.1,40.1,39.9,39.8,39.5,39.1,38.6,38.5,37.9,37.8,36.9,36.7,36,35.7,
Poland,POL,"Access to clean fuels and technologies for cooking, urban (% of urban population)",EG.CFT.ACCS.UR.ZS,,,,,,,,,,,,,,,,,,,,,,,,,,,,,,,,,,,,,,,,,100,100,100,100,100,100,100,100,100,100,100,100,100,100,100,100,100,100,100,100,100,100,
Puerto Rico,PRI,"Access to clean fuels and technologies for cooking, urban (% of urban population)",EG.CFT.ACCS.UR.ZS,,,,,,,,,,,,,,,,,,,,,,,,,,,,,,,,,,,,,,,,,,,,,,,,,,,,,,,,,,,,,,,
"Korea, Dem. People's Rep.",PRK,"Access to clean fuels and technologies for cooking, urban (% of urban population)",EG.CFT.ACCS.UR.ZS,,,,,,,,,,,,,,,,,,,,,,,,,,,,,,,,,,,,,,,,,1.7,2.2,2.6,3.1,3.8,4.5,5.3,6.1,6.9,7.8,8.8,9.7,10.5,11.3,12.4,13.4,14.3,15.1,16.2,17.5,18.3,19.4,
Portugal,PRT,"Access to clean fuels and technologies for cooking, urban (% of urban population)",EG.CFT.ACCS.UR.ZS,,,,,,,,,,,,,,,,,,,,,,,,,,,,,,,,,,,,,,,,,100,100,100,100,100,100,100,100,100,100,100,100,100,100,100,100,100,100,100,100,100,100,
Paraguay,PRY,"Access to clean fuels and technologies for cooking, urban (% of urban population)",EG.CFT.ACCS.UR.ZS,,,,,,,,,,,,,,,,,,,,,,,,,,,,,,,,,,,,,,,,,71.9,71.3,70.6,70,69.8,70.1,70.8,72,73.5,75.1,76.9,78.6,80.3,81.6,82.8,83.7,84.4,85.1,85.5,85.9,86.2,86.5,
West Bank and Gaza,PSE,"Access to clean fuels and technologies for cooking, urban (% of urban population)",EG.CFT.ACCS.UR.ZS,,,,,,,,,,,,,,,,,,,,,,,,,,,,,,,,,,,,,,,,,,,,,,,,,,,,,,,,,,,,,,,
French Polynesia,PYF,"Access to clean fuels and technologies for cooking, urban (% of urban population)",EG.CFT.ACCS.UR.ZS,,,,,,,,,,,,,,,,,,,,,,,,,,,,,,,,,,,,,,,,,,,,,,,,,,,,,,,,,,,,,,,
Qatar,QAT,"Access to clean fuels and technologies for cooking, urban (% of urban population)",EG.CFT.ACCS.UR.ZS,,,,,,,,,,,,,,,,,,,,,,,,,,,,,,,,,,,,,,,,,100,100,100,100,100,100,100,100,100,100,100,100,100,100,100,100,100,100,100,100,100,100,
Romania,ROU,"Access to clean fuels and technologies for cooking, urban (% of urban population)",EG.CFT.ACCS.UR.ZS,,,,,,,,,,,,,,,,,,,,,,,,,,,,,,,,,,,,,,,,,100,100,100,100,100,100,100,100,100,100,100,100,100,100,100,100,100,100,100,100,100,100,
Russian Federation,RUS,"Access to clean fuels and technologies for cooking, urban (% of urban population)",EG.CFT.ACCS.UR.ZS,,,,,,,,,,,,,,,,,,,,,,,,,,,,,,,,,,,,,,,,,99.9,99.9,99.8,99.7,99.6,99.4,99.2,98.8,98.3,97.8,97,96.1,95.1,93.7,92.4,90.9,89,86.8,84.8,82.1,79.3,76.4,
Rwanda,RWA,"Access to clean fuels and technologies for cooking, urban (% of urban population)",EG.CFT.ACCS.UR.ZS,,,,,,,,,,,,,,,,,,,,,,,,,,,,,,,,,,,,,,,,,0.4,0.4,0.4,0.4,0.4,0.5,0.5,0.6,0.7,0.8,1,1.3,1.7,2.2,2.9,3.9,5.3,7.3,9.9,13.5,18.1,23.8,
Saudi Arabia,SAU,"Access to clean fuels and technologies for cooking, urban (% of urban population)",EG.CFT.ACCS.UR.ZS,,,,,,,,,,,,,,,,,,,,,,,,,,,,,,,,,,,,,,,,,100,100,100,100,100,100,100,100,100,100,100,100,100,100,100,100,100,100,100,100,100,100,
Sudan,SDN,"Access to clean fuels and technologies for cooking, urban (% of urban population)",EG.CFT.ACCS.UR.ZS,,,,,,,,,,,,,,,,,,,,,,,,,,,,,,,,,,,,,,,,,18,21.2,24.5,27.9,31.8,35.9,39.9,43.7,47.3,50.7,54,57.3,60.2,62.8,65.2,67.2,69.2,71.1,72.7,74.3,75.6,77.2,
Senegal,SEN,"Access to clean fuels and technologies for cooking, urban (% of urban population)",EG.CFT.ACCS.UR.ZS,,,,,,,,,,,,,,,,,,,,,,,,,,,,,,,,,,,,,,,,,68.4,70.3,71.7,72.7,73.2,72.8,72.1,70.7,68.7,66.3,63.6,60.9,58.4,56.2,54.5,53.3,52.7,52.4,52.4,52.8,53.4,53.8,
Singapore,SGP,"Access to clean fuels and technologies for cooking, urban (% of urban population)",EG.CFT.ACCS.UR.ZS,,,,,,,,,,,,,,,,,,,,,,,,,,,,,,,,,,,,,,,,,100,100,100,100,100,100,100,100,100,100,100,100,100,100,100,100,100,100,100,100,100,100,
Solomon Islands,SLB,"Access to clean fuels and technologies for cooking, urban (% of urban population)",EG.CFT.ACCS.UR.ZS,,,,,,,,,,,,,,,,,,,,,,,,,,,,,,,,,,,,,,,,,37.3,37.4,37.2,37.3,37.3,37.3,37.2,37,37.1,36.9,36.9,36.6,36.6,36.5,36.5,36.5,36.4,36.2,36.3,36.1,35.8,35.6,
Sierra Leone,SLE,"Access to clean fuels and technologies for cooking, urban (% of urban population)",EG.CFT.ACCS.UR.ZS,,,,,,,,,,,,,,,,,,,,,,,,,,,,,,,,,,,,,,,,,0.1,0.1,0.1,0.2,0.2,0.2,0.3,0.4,0.4,0.5,0.6,0.6,0.7,0.8,0.9,1,1.1,1.2,1.3,1.3,1.4,1.5,
El Salvador,SLV,"Access to clean fuels and technologies for cooking, urban (% of urban population)",EG.CFT.ACCS.UR.ZS,,,,,,,,,,,,,,,,,,,,,,,,,,,,,,,,,,,,,,,,,82.7,84.2,85.6,86.7,88,89.2,90.2,91.1,91.9,92.7,93.3,93.9,94.5,94.9,95.3,95.6,96,96.2,96.4,96.7,96.85,97.1,
San Marino,SMR,"Access to clean fuels and technologies for cooking, urban (% of urban population)",EG.CFT.ACCS.UR.ZS,,,,,,,,,,,,,,,,,,,,,,,,,,,,,,,,,,,,,,,,,100,100,100,100,100,100,100,100,100,100,100,100,100,100,100,100,100,100,100,100,100,100,
Somalia,SOM,"Access to clean fuels and technologies for cooking, urban (% of urban population)",EG.CFT.ACCS.UR.ZS,,,,,,,,,,,,,,,,,,,,,,,,,,,,,,,,,,,,,,,,,0.4,0.4,0.5,0.6,0.7,0.9,1,1.2,1.4,1.6,1.9,2.1,2.5,2.8,3.2,3.6,4,4.5,4.8,5.4,6,6.4,
Serbia,SRB,"Access to clean fuels and technologies for cooking, urban (% of urban population)",EG.CFT.ACCS.UR.ZS,,,,,,,,,,,,,,,,,,,,,,,,,,,,,,,,,,,,,,,,,82.5,82.9,83.3,83.8,84.1,84.6,84.9,85.3,85.7,86.2,86.5,86.9,87.3,87.7,88.3,88.8,89.3,90,90.4,91,91.4,91.9,
South Sudan,SSD,"Access to clean fuels and technologies for cooking, urban (% of urban population)",EG.CFT.ACCS.UR.ZS,,,,,,,,,,,,,,,,,,,,,,,,,,,,,,,,,,,,,,,,,0.1,0.1,0.1,0.1,0.1,0.1,0.1,0.1,0.1,0,0,0,0,0,0,0,0,0,0,0,0,0,
Sao Tome and Principe,STP,"Access to clean fuels and technologies for cooking, urban (% of urban population)",EG.CFT.ACCS.UR.ZS,,,,,,,,,,,,,,,,,,,,,,,,,,,,,,,,,,,,,,,,,0.4,0.5,0.5,0.6,0.7,0.8,0.9,1.1,1.3,1.4,1.6,1.8,2,2.3,2.6,2.8,3.1,3.4,3.6,3.9,4.2,4.6,
Suriname,SUR,"Access to clean fuels and technologies for cooking, urban (% of urban population)",EG.CFT.ACCS.UR.ZS,,,,,,,,,,,,,,,,,,,,,,,,,,,,,,,,,,,,,,,,,87.6,88.3,89.1,89.8,90.5,91.2,91.7,92.5,93,93.6,94.1,94.5,95,95.4,95.8,96.1,96.4,96.7,97,97.1,97.3,97.5,
Slovak Republic,SVK,"Access to clean fuels and technologies for cooking, urban (% of urban population)",EG.CFT.ACCS.UR.ZS,,,,,,,,,,,,,,,,,,,,,,,,,,,,,,,,,,,,,,,,,100,100,100,100,100,100,100,100,100,100,100,100,100,100,100,100,100,100,100,100,100,100,
Slovenia,SVN,"Access to clean fuels and technologies for cooking, urban (% of urban population)",EG.CFT.ACCS.UR.ZS,,,,,,,,,,,,,,,,,,,,,,,,,,,,,,,,,,,,,,,,,100,100,100,100,100,100,100,100,100,100,100,100,100,100,100,100,100,100,100,100,100,100,
Sweden,SWE,"Access to clean fuels and technologies for cooking, urban (% of urban population)",EG.CFT.ACCS.UR.ZS,,,,,,,,,,,,,,,,,,,,,,,,,,,,,,,,,,,,,,,,,100,100,100,100,100,100,100,100,100,100,100,100,100,100,100,100,100,100,100,100,100,100,
Eswatini,SWZ,"Access to clean fuels and technologies for cooking, urban (% of urban population)",EG.CFT.ACCS.UR.ZS,,,,,,,,,,,,,,,,,,,,,,,,,,,,,,,,,,,,,,,,,60.3,62.2,64,65.8,68,70,71.7,73.9,75.7,77.6,79.5,81,82.5,83.8,84.9,86,87,87.8,88.6,89.3,89.9,90.5,
Sint Maarten (Dutch part),SXM,"Access to clean fuels and technologies for cooking, urban (% of urban population)",EG.CFT.ACCS.UR.ZS,,,,,,,,,,,,,,,,,,,,,,,,,,,,,,,,,,,,,,,,,,,,,,,,,,,,,,,,,,,,,,,
Seychelles,SYC,"Access to clean fuels and technologies for cooking, urban (% of urban population)",EG.CFT.ACCS.UR.ZS,,,,,,,,,,,,,,,,,,,,,,,,,,,,,,,,,,,,,,,,,100,100,100,100,100,100,100,100,100,100,100,100,100,100,100,100,100,100,100,100,100,100,
Syrian Arab Republic,SYR,"Access to clean fuels and technologies for cooking, urban (% of urban population)",EG.CFT.ACCS.UR.ZS,,,,,,,,,,,,,,,,,,,,,,,,,,,,,,,,,,,,,,,,,99.8,99.8,99.8,99.8,99.9,99.9,99.85,99.9,99.8,99.8,99.8,99.8,99.8,99.8,99.7,99.7,99.7,99.7,99.6,99.6,99.6,99.5,
Turks and Caicos Islands,TCA,"Access to clean fuels and technologies for cooking, urban (% of urban population)",EG.CFT.ACCS.UR.ZS,,,,,,,,,,,,,,,,,,,,,,,,,,,,,,,,,,,,,,,,,,,,,,,,,,,,,,,,,,,,,,,
Chad,TCD,"Access to clean fuels and technologies for cooking, urban (% of urban population)",EG.CFT.ACCS.UR.ZS,,,,,,,,,,,,,,,,,,,,,,,,,,,,,,,,,,,,,,,,,3.8,4,4.5,5,5.5,6.1,6.7,7.5,8.3,9.2,10.3,11.4,12.7,14.2,15.9,17.9,19.9,22.2,24.6,27.5,30.6,33.3,
Togo,TGO,"Access to clean fuels and technologies for cooking, urban (% of urban population)",EG.CFT.ACCS.UR.ZS,,,,,,,,,,,,,,,,,,,,,,,,,,,,,,,,,,,,,,,,,0.7,1,1.3,1.7,2.2,2.9,3.6,4.5,5.5,6.5,7.7,9,10.3,11.8,13.3,14.6,16.2,17.8,19.2,20.7,22.3,23.8,
Thailand,THA,"Access to clean fuels and technologies for cooking, urban (% of urban population)",EG.CFT.ACCS.UR.ZS,,,,,,,,,,,,,,,,,,,,,,,,,,,,,,,,,,,,,,,,,86,86.4,86.6,86.9,87.1,87.2,87.3,87.5,87.5,87.6,87.7,88,87.8,88.1,88.3,88.7,89,89.4,89.8,90.25,90.6,90.9,
Tajikistan,TJK,"Access to clean fuels and technologies for cooking, urban (% of urban population)",EG.CFT.ACCS.UR.ZS,,,,,,,,,,,,,,,,,,,,,,,,,,,,,,,,,,,,,,,,,78.9,81.8,84,86.2,88.1,89.6,90.9,92.1,93.2,94,94.7,95.3,95.7,96.2,96.6,96.9,97.3,97.5,97.7,97.9,98.1,98.2,
Turkmenistan,TKM,"Access to clean fuels and technologies for cooking, urban (% of urban population)",EG.CFT.ACCS.UR.ZS,,,,,,,,,,,,,,,,,,,,,,,,,,,,,,,,,,,,,,,,,99.9,99.9,100,100,100,100,100,100,100,100,100,100,100,100,100,100,100,100,100,100,99.9,99.9,
Timor-Leste,TLS,"Access to clean fuels and technologies for cooking, urban (% of urban population)",EG.CFT.ACCS.UR.ZS,,,,,,,,,,,,,,,,,,,,,,,,,,,,,,,,,,,,,,,,,3.7,4.1,4.6,5.4,6,6.8,7.6,8.6,9.8,11.1,12.5,14,15.7,17.4,19.3,21.1,23.1,25.2,27.2,29.3,31.4,33.5,
Tonga,TON,"Access to clean fuels and technologies for cooking, urban (% of urban population)",EG.CFT.ACCS.UR.ZS,,,,,,,,,,,,,,,,,,,,,,,,,,,,,,,,,,,,,,,,,77.8,79.6,80.8,82,83.3,84.4,85.5,86.4,87.3,88,88.9,89.6,90.3,90.9,91.3,92,92.5,93.1,93.5,93.8,94.3,94.7,
Trinidad and Tobago,TTO,"Access to clean fuels and technologies for cooking, urban (% of urban population)",EG.CFT.ACCS.UR.ZS,,,,,,,,,,,,,,,,,,,,,,,,,,,,,,,,,,,,,,,,,100,100,100,100,100,100,100,100,100,100,100,100,100,100,100,100,100,100,100,100,100,100,
Tunisia,TUN,"Access to clean fuels and technologies for cooking, urban (% of urban population)",EG.CFT.ACCS.UR.ZS,,,,,,,,,,,,,,,,,,,,,,,,,,,,,,,,,,,,,,,,,95.9,96.8,97.4,98,98.5,98.8,99.1,99.4,99.5,99.7,99.8,99.8,99.9,99.9,99.9,99.9,99.9,99.9,99.9,99.9,99.9,99.9,
Turkiye,TUR,"Access to clean fuels and technologies for cooking, urban (% of urban population)",EG.CFT.ACCS.UR.ZS,,,,,,,,,,,,,,,,,,,,,,,,,,,,,,,,,,,,,,,,,98.5,98.6,98.7,98.8,98.9,99,99.1,99.2,99.3,99.3,99.4,99.4,99.4,99.4,99.5,99.5,99.5,99.5,99.5,99.5,99.5,99.5,
Tuvalu,TUV,"Access to clean fuels and technologies for cooking, urban (% of urban population)",EG.CFT.ACCS.UR.ZS,,,,,,,,,,,,,,,,,,,,,,,,,,,,,,,,,,,,,,,,,10.3,13,16.3,19.75,24.5,30.05,36.3,43.3,50.8,57.7,64.5,71,76.2,80.7,84.3,87.25,89.3,91.1,92.3,93.4,94.1,94.8,
Tanzania,TZA,"Access to clean fuels and technologies for cooking, urban (% of urban population)",EG.CFT.ACCS.UR.ZS,,,,,,,,,,,,,,,,,,,,,,,,,,,,,,,,,,,,,,,,,1.3,1.4,1.6,1.6,1.8,2,2.2,2.5,2.8,3.2,3.8,4.4,5.2,6.1,7.1,8.3,9.6,11,12.4,13.8,15.1,16.5,
Uganda,UGA,"Access to clean fuels and technologies for cooking, urban (% of urban population)",EG.CFT.ACCS.UR.ZS,,,,,,,,,,,,,,,,,,,,,,,,,,,,,,,,,,,,,,,,,4.1,3.9,3.5,3.3,3.1,3,2.9,2.8,2.7,2.7,2.7,2.6,2.5,2.4,2.4,2.3,2.2,2.1,2,1.8,1.7,1.5,
Ukraine,UKR,"Access to clean fuels and technologies for cooking, urban (% of urban population)",EG.CFT.ACCS.UR.ZS,,,,,,,,,,,,,,,,,,,,,,,,,,,,,,,,,,,,,,,,,95.1,95.5,95.9,96.2,96.6,96.8,97.1,97.3,97.6,97.8,98,98.2,98.3,98.4,98.5,98.6,98.7,98.8,98.9,98.9,99,99.1,
Uruguay,URY,"Access to clean fuels and technologies for cooking, urban (% of urban population)",EG.CFT.ACCS.UR.ZS,,,,,,,,,,,,,,,,,,,,,,,,,,,,,,,,,,,,,,,,,100,100,100,100,100,100,100,100,100,100,100,100,100,100,100,100,100,100,100,100,100,100,
United States,USA,"Access to clean fuels and technologies for cooking, urban (% of urban population)",EG.CFT.ACCS.UR.ZS,,,,,,,,,,,,,,,,,,,,,,,,,,,,,,,,,,,,,,,,,100,100,100,100,100,100,100,100,100,100,100,100,100,100,100,100,100,100,100,100,100,100,
Uzbekistan,UZB,"Access to clean fuels and technologies for cooking, urban (% of urban population)",EG.CFT.ACCS.UR.ZS,,,,,,,,,,,,,,,,,,,,,,,,,,,,,,,,,,,,,,,,,98.4,98.4,98.5,98.6,98.7,98.7,98.7,98.7,98.7,98.7,98.7,98.6,98.6,98.6,98.5,98.5,98.5,98.5,98.3,98.3,98.2,98.1,
St. Vincent and the Grenadines,VCT,"Access to clean fuels and technologies for cooking, urban (% of urban population)",EG.CFT.ACCS.UR.ZS,,,,,,,,,,,,,,,,,,,,,,,,,,,,,,,,,,,,,,,,,96.1,96,96,96.1,96.1,96.1,96.2,96.2,96,96.1,96,95.9,95.8,95.7,95.7,95.6,95.4,95.4,95.2,95.1,94.9,94.9,
"Venezuela, RB",VEN,"Access to clean fuels and technologies for cooking, urban (% of urban population)",EG.CFT.ACCS.UR.ZS,,,,,,,,,,,,,,,,,,,,,,,,,,,,,,,,,,,,,,,,,99.5,99.5,99.4,99.4,99.4,99.3,99.3,99.3,99.2,99.2,99.1,99,98.9,98.9,98.8,98.7,98.6,98.4,98.3,98.2,98,97.9,
British Virgin Islands,VGB,"Access to clean fuels and technologies for cooking, urban (% of urban population)",EG.CFT.ACCS.UR.ZS,,,,,,,,,,,,,,,,,,,,,,,,,,,,,,,,,,,,,,,,,,,,,,,,,,,,,,,,,,,,,,,
Virgin Islands (U.S.),VIR,"Access to clean fuels and technologies for cooking, urban (% of urban population)",EG.CFT.ACCS.UR.ZS,,,,,,,,,,,,,,,,,,,,,,,,,,,,,,,,,,,,,,,,,,,,,,,,,,,,,,,,,,,,,,,
Vietnam,VNM,"Access to clean fuels and technologies for cooking, urban (% of urban population)",EG.CFT.ACCS.UR.ZS,,,,,,,,,,,,,,,,,,,,,,,,,,,,,,,,,,,,,,,,,38.8,44.6,50.3,55.5,60.3,65.4,69.4,73.3,76.8,80,83.1,85.7,88,90.2,91.9,93.6,94.9,96,96.9,97.6,98.2,98.6,
Vanuatu,VUT,"Access to clean fuels and technologies for cooking, urban (% of urban population)",EG.CFT.ACCS.UR.ZS,,,,,,,,,,,,,,,,,,,,,,,,,,,,,,,,,,,,,,,,,59.2,57.8,56.5,54.8,53.2,51.2,48.8,46.5,44.1,41.7,39.2,36.8,34.4,32.2,30.1,28.3,26.3,24.8,23.2,21.5,20,18.7,
Samoa,WSM,"Access to clean fuels and technologies for cooking, urban (% of urban population)",EG.CFT.ACCS.UR.ZS,,,,,,,,,,,,,,,,,,,,,,,,,,,,,,,,,,,,,,,,,45.1,46.3,47.7,48.85,49.9,51.1,52,53.3,54.2,55.45,56.7,57.6,58.8,59.6,60.5,61.6,62.3,63.4,63.9,64.5,65.5,65.8,
Kosovo,XKX,"Access to clean fuels and technologies for cooking, urban (% of urban population)",EG.CFT.ACCS.UR.ZS,,,,,,,,,,,,,,,,,,,,,,,,,,,,,,,,,,,,,,,,,,,,,,,,,,,,,,,,,,,,,,,
"Yemen, Rep.",YEM,"Access to clean fuels and technologies for cooking, urban (% of urban population)",EG.CFT.ACCS.UR.ZS,,,,,,,,,,,,,,,,,,,,,,,,,,,,,,,,,,,,,,,,,93.2,93.3,93.6,93.9,94,94.2,94.3,94.3,94.5,94.6,94.5,94.5,94.5,94.4,94.3,94.2,94,93.9,93.7,93.5,93.35,92.95,
South Africa,ZAF,"Access to clean fuels and technologies for cooking, urban (% of urban population)",EG.CFT.ACCS.UR.ZS,,,,,,,,,,,,,,,,,,,,,,,,,,,,,,,,,,,,,,,,,77.1,78,79.3,80.5,81.6,83,84.1,85.4,86.6,87.8,89,90,91,91.8,92.5,93.2,93.7,94.2,94.7,95.1,95.4,95.7,
Zambia,ZMB,"Access to clean fuels and technologies for cooking, urban (% of urban population)",EG.CFT.ACCS.UR.ZS,,,,,,,,,,,,,,,,,,,,,,,,,,,,,,,,,,,,,,,,,38.1,38.9,39.4,39.7,39.9,39.9,39.8,39.5,39.2,38.6,37.7,36.6,35.3,33.8,32.3,30.5,28.6,26.9,25,23,21.3,19.5,
Zimbabwe,ZWE,"Access to clean fuels and technologies for cooking, urban (% of urban population)",EG.CFT.ACCS.UR.ZS,,,,,,,,,,,,,,,,,,,,,,,,,,,,,,,,,,,,,,,,,87.9,87.2,86.6,85.7,85,84.4,83.8,83.1,82.6,81.9,81.5,81,80.6,80.1,79.8,79.5,79.3,79,78.8,78.4,78.4,77.9,
